id,country,type,gender,name,source
1,US ,Given Name,Male,james,https://www.ssa.gov/oact/babynames/decades/century.html
2,US ,Given Name,Male,michael,https://www.ssa.gov/oact/babynames/decades/century.html
3,US ,Given Name,Male,john,https://www.ssa.gov/oact/babynames/decades/century.html
4,US ,Given Name,Male,robert,https://www.ssa.gov/oact/babynames/decades/century.html
5,US ,Given Name,Male,david,https://www.ssa.gov/oact/babynames/decades/century.html
6,US ,Given Name,Male,william,https://www.ssa.gov/oact/babynames/decades/century.html
7,US ,Given Name,Male,richard,https://www.ssa.gov/oact/babynames/decades/century.html
8,US ,Given Name,Male,joseph,https://www.ssa.gov/oact/babynames/decades/century.html
9,US ,Given Name,Male,thomas,https://www.ssa.gov/oact/babynames/decades/century.html
10,US ,Given Name,Male,christopher,https://www.ssa.gov/oact/babynames/decades/century.html
11,US ,Given Name,Male,charles,https://www.ssa.gov/oact/babynames/decades/century.html
12,US ,Given Name,Male,daniel,https://www.ssa.gov/oact/babynames/decades/century.html
13,US ,Given Name,Male,matthew,https://www.ssa.gov/oact/babynames/decades/century.html
14,US ,Given Name,Male,anthony,https://www.ssa.gov/oact/babynames/decades/century.html
15,US ,Given Name,Male,mark,https://www.ssa.gov/oact/babynames/decades/century.html
16,US ,Given Name,Male,steven,https://www.ssa.gov/oact/babynames/decades/century.html
17,US ,Given Name,Male,donald,https://www.ssa.gov/oact/babynames/decades/century.html
18,US ,Given Name,Male,andrew,https://www.ssa.gov/oact/babynames/decades/century.html
19,US ,Given Name,Male,joshua,https://www.ssa.gov/oact/babynames/decades/century.html
20,US ,Given Name,Male,paul,https://www.ssa.gov/oact/babynames/decades/century.html
21,US ,Given Name,Male,kenneth,https://www.ssa.gov/oact/babynames/decades/century.html
22,US ,Given Name,Male,kevin,https://www.ssa.gov/oact/babynames/decades/century.html
23,US ,Given Name,Male,brian,https://www.ssa.gov/oact/babynames/decades/century.html
24,US ,Given Name,Male,timothy,https://www.ssa.gov/oact/babynames/decades/century.html
25,US ,Given Name,Male,ronald,https://www.ssa.gov/oact/babynames/decades/century.html
26,US ,Given Name,Male,jason,https://www.ssa.gov/oact/babynames/decades/century.html
27,US ,Given Name,Male,george,https://www.ssa.gov/oact/babynames/decades/century.html
28,US ,Given Name,Male,edward,https://www.ssa.gov/oact/babynames/decades/century.html
29,US ,Given Name,Male,jeffrey,https://www.ssa.gov/oact/babynames/decades/century.html
30,US ,Given Name,Male,ryan,https://www.ssa.gov/oact/babynames/decades/century.html
31,US ,Given Name,Male,jacob,https://www.ssa.gov/oact/babynames/decades/century.html
32,US ,Given Name,Male,nicholas,https://www.ssa.gov/oact/babynames/decades/century.html
33,US ,Given Name,Male,gary,https://www.ssa.gov/oact/babynames/decades/century.html
34,US ,Given Name,Male,eric,https://www.ssa.gov/oact/babynames/decades/century.html
35,US ,Given Name,Male,jonathan,https://www.ssa.gov/oact/babynames/decades/century.html
36,US ,Given Name,Male,stephen,https://www.ssa.gov/oact/babynames/decades/century.html
37,US ,Given Name,Male,larry,https://www.ssa.gov/oact/babynames/decades/century.html
38,US ,Given Name,Male,justin,https://www.ssa.gov/oact/babynames/decades/century.html
39,US ,Given Name,Male,benjamin,https://www.ssa.gov/oact/babynames/decades/century.html
40,US ,Given Name,Male,scott,https://www.ssa.gov/oact/babynames/decades/century.html
41,US ,Given Name,Male,brandon,https://www.ssa.gov/oact/babynames/decades/century.html
42,US ,Given Name,Male,samuel,https://www.ssa.gov/oact/babynames/decades/century.html
43,US ,Given Name,Male,gregory,https://www.ssa.gov/oact/babynames/decades/century.html
44,US ,Given Name,Male,alexander,https://www.ssa.gov/oact/babynames/decades/century.html
45,US ,Given Name,Male,patrick,https://www.ssa.gov/oact/babynames/decades/century.html
46,US ,Given Name,Male,frank,https://www.ssa.gov/oact/babynames/decades/century.html
47,US ,Given Name,Male,jack,https://www.ssa.gov/oact/babynames/decades/century.html
48,US ,Given Name,Male,raymond,https://www.ssa.gov/oact/babynames/decades/century.html
49,US ,Given Name,Male,dennis,https://www.ssa.gov/oact/babynames/decades/century.html
50,US ,Given Name,Male,tyler,https://www.ssa.gov/oact/babynames/decades/century.html
51,US ,Given Name,Male,aaron,https://www.ssa.gov/oact/babynames/decades/century.html
52,US ,Given Name,Male,jerry,https://www.ssa.gov/oact/babynames/decades/century.html
53,US ,Given Name,Male,jose,https://www.ssa.gov/oact/babynames/decades/century.html
54,US ,Given Name,Male,nathan,https://www.ssa.gov/oact/babynames/decades/century.html
55,US ,Given Name,Male,adam,https://www.ssa.gov/oact/babynames/decades/century.html
56,US ,Given Name,Male,henry,https://www.ssa.gov/oact/babynames/decades/century.html
57,US ,Given Name,Male,zachary,https://www.ssa.gov/oact/babynames/decades/century.html
58,US ,Given Name,Male,douglas,https://www.ssa.gov/oact/babynames/decades/century.html
59,US ,Given Name,Male,peter,https://www.ssa.gov/oact/babynames/decades/century.html
60,US ,Given Name,Male,noah,https://www.ssa.gov/oact/babynames/decades/century.html
61,US ,Given Name,Male,kyle,https://www.ssa.gov/oact/babynames/decades/century.html
62,US ,Given Name,Male,ethan,https://www.ssa.gov/oact/babynames/decades/century.html
63,US ,Given Name,Male,christian,https://www.ssa.gov/oact/babynames/decades/century.html
64,US ,Given Name,Male,jeremy,https://www.ssa.gov/oact/babynames/decades/century.html
65,US ,Given Name,Male,keith,https://www.ssa.gov/oact/babynames/decades/century.html
66,US ,Given Name,Male,austin,https://www.ssa.gov/oact/babynames/decades/century.html
67,US ,Given Name,Male,sean,https://www.ssa.gov/oact/babynames/decades/century.html
68,US ,Given Name,Male,roger,https://www.ssa.gov/oact/babynames/decades/century.html
69,US ,Given Name,Male,terry,https://www.ssa.gov/oact/babynames/decades/century.html
70,US ,Given Name,Male,walter,https://www.ssa.gov/oact/babynames/decades/century.html
71,US ,Given Name,Male,dylan,https://www.ssa.gov/oact/babynames/decades/century.html
72,US ,Given Name,Male,gerald,https://www.ssa.gov/oact/babynames/decades/century.html
73,US ,Given Name,Male,carl,https://www.ssa.gov/oact/babynames/decades/century.html
74,US ,Given Name,Male,jordan,https://www.ssa.gov/oact/babynames/decades/century.html
75,US ,Given Name,Male,bryan,https://www.ssa.gov/oact/babynames/decades/century.html
76,US ,Given Name,Male,gabriel,https://www.ssa.gov/oact/babynames/decades/century.html
77,US ,Given Name,Male,jesse,https://www.ssa.gov/oact/babynames/decades/century.html
78,US ,Given Name,Male,harold,https://www.ssa.gov/oact/babynames/decades/century.html
79,US ,Given Name,Male,lawrence,https://www.ssa.gov/oact/babynames/decades/century.html
80,US ,Given Name,Male,logan,https://www.ssa.gov/oact/babynames/decades/century.html
81,US ,Given Name,Male,arthur,https://www.ssa.gov/oact/babynames/decades/century.html
82,US ,Given Name,Male,bruce,https://www.ssa.gov/oact/babynames/decades/century.html
83,US ,Given Name,Male,billy,https://www.ssa.gov/oact/babynames/decades/century.html
84,US ,Given Name,Male,elijah,https://www.ssa.gov/oact/babynames/decades/century.html
85,US ,Given Name,Male,joe,https://www.ssa.gov/oact/babynames/decades/century.html
86,US ,Given Name,Male,alan,https://www.ssa.gov/oact/babynames/decades/century.html
87,US ,Given Name,Male,juan,https://www.ssa.gov/oact/babynames/decades/century.html
88,US ,Given Name,Male,liam,https://www.ssa.gov/oact/babynames/decades/century.html
89,US ,Given Name,Male,willie,https://www.ssa.gov/oact/babynames/decades/century.html
90,US ,Given Name,Male,mason,https://www.ssa.gov/oact/babynames/decades/century.html
91,US ,Given Name,Male,albert,https://www.ssa.gov/oact/babynames/decades/century.html
92,US ,Given Name,Male,randy,https://www.ssa.gov/oact/babynames/decades/century.html
93,US ,Given Name,Male,wayne,https://www.ssa.gov/oact/babynames/decades/century.html
94,US ,Given Name,Male,vincent,https://www.ssa.gov/oact/babynames/decades/century.html
95,US ,Given Name,Male,lucas,https://www.ssa.gov/oact/babynames/decades/century.html
96,US ,Given Name,Male,caleb,https://www.ssa.gov/oact/babynames/decades/century.html
97,US ,Given Name,Male,luke,https://www.ssa.gov/oact/babynames/decades/century.html
98,US ,Given Name,Male,bobby,https://www.ssa.gov/oact/babynames/decades/century.html
99,US ,Given Name,Male,isaac,https://www.ssa.gov/oact/babynames/decades/century.html
100,US ,Given Name,Male,bradley,https://www.ssa.gov/oact/babynames/decades/century.html
101,US ,Given Name,Female,mary,https://www.ssa.gov/oact/babynames/decades/century.html
102,US ,Given Name,Female,patricia,https://www.ssa.gov/oact/babynames/decades/century.html
103,US ,Given Name,Female,jennifer,https://www.ssa.gov/oact/babynames/decades/century.html
104,US ,Given Name,Female,linda,https://www.ssa.gov/oact/babynames/decades/century.html
105,US ,Given Name,Female,elizabeth,https://www.ssa.gov/oact/babynames/decades/century.html
106,US ,Given Name,Female,barbara,https://www.ssa.gov/oact/babynames/decades/century.html
107,US ,Given Name,Female,susan,https://www.ssa.gov/oact/babynames/decades/century.html
108,US ,Given Name,Female,jessica,https://www.ssa.gov/oact/babynames/decades/century.html
109,US ,Given Name,Female,karen,https://www.ssa.gov/oact/babynames/decades/century.html
110,US ,Given Name,Female,sarah,https://www.ssa.gov/oact/babynames/decades/century.html
111,US ,Given Name,Female,lisa,https://www.ssa.gov/oact/babynames/decades/century.html
112,US ,Given Name,Female,nancy,https://www.ssa.gov/oact/babynames/decades/century.html
113,US ,Given Name,Female,sandra,https://www.ssa.gov/oact/babynames/decades/century.html
114,US ,Given Name,Female,ashley,https://www.ssa.gov/oact/babynames/decades/century.html
115,US ,Given Name,Female,emily,https://www.ssa.gov/oact/babynames/decades/century.html
116,US ,Given Name,Female,kimberly,https://www.ssa.gov/oact/babynames/decades/century.html
117,US ,Given Name,Female,betty,https://www.ssa.gov/oact/babynames/decades/century.html
118,US ,Given Name,Female,margaret,https://www.ssa.gov/oact/babynames/decades/century.html
119,US ,Given Name,Female,donna,https://www.ssa.gov/oact/babynames/decades/century.html
120,US ,Given Name,Female,michelle,https://www.ssa.gov/oact/babynames/decades/century.html
121,US ,Given Name,Female,carol,https://www.ssa.gov/oact/babynames/decades/century.html
122,US ,Given Name,Female,amanda,https://www.ssa.gov/oact/babynames/decades/century.html
123,US ,Given Name,Female,melissa,https://www.ssa.gov/oact/babynames/decades/century.html
124,US ,Given Name,Female,deborah,https://www.ssa.gov/oact/babynames/decades/century.html
125,US ,Given Name,Female,stephanie,https://www.ssa.gov/oact/babynames/decades/century.html
126,US ,Given Name,Female,rebecca,https://www.ssa.gov/oact/babynames/decades/century.html
127,US ,Given Name,Female,sharon,https://www.ssa.gov/oact/babynames/decades/century.html
128,US ,Given Name,Female,laura,https://www.ssa.gov/oact/babynames/decades/century.html
129,US ,Given Name,Female,cynthia,https://www.ssa.gov/oact/babynames/decades/century.html
130,US ,Given Name,Female,amy,https://www.ssa.gov/oact/babynames/decades/century.html
131,US ,Given Name,Female,kathleen,https://www.ssa.gov/oact/babynames/decades/century.html
132,US ,Given Name,Female,angela,https://www.ssa.gov/oact/babynames/decades/century.html
133,US ,Given Name,Female,dorothy,https://www.ssa.gov/oact/babynames/decades/century.html
134,US ,Given Name,Female,shirley,https://www.ssa.gov/oact/babynames/decades/century.html
135,US ,Given Name,Female,emma,https://www.ssa.gov/oact/babynames/decades/century.html
136,US ,Given Name,Female,brenda,https://www.ssa.gov/oact/babynames/decades/century.html
137,US ,Given Name,Female,nicole,https://www.ssa.gov/oact/babynames/decades/century.html
138,US ,Given Name,Female,pamela,https://www.ssa.gov/oact/babynames/decades/century.html
139,US ,Given Name,Female,samantha,https://www.ssa.gov/oact/babynames/decades/century.html
140,US ,Given Name,Female,anna,https://www.ssa.gov/oact/babynames/decades/century.html
141,US ,Given Name,Female,katherine,https://www.ssa.gov/oact/babynames/decades/century.html
142,US ,Given Name,Female,christine,https://www.ssa.gov/oact/babynames/decades/century.html
143,US ,Given Name,Female,debra,https://www.ssa.gov/oact/babynames/decades/century.html
144,US ,Given Name,Female,rachel,https://www.ssa.gov/oact/babynames/decades/century.html
145,US ,Given Name,Female,olivia,https://www.ssa.gov/oact/babynames/decades/century.html
146,US ,Given Name,Female,carolyn,https://www.ssa.gov/oact/babynames/decades/century.html
147,US ,Given Name,Female,maria,https://www.ssa.gov/oact/babynames/decades/century.html
148,US ,Given Name,Female,janet,https://www.ssa.gov/oact/babynames/decades/century.html
149,US ,Given Name,Female,heather,https://www.ssa.gov/oact/babynames/decades/century.html
150,US ,Given Name,Female,diane,https://www.ssa.gov/oact/babynames/decades/century.html
151,US ,Given Name,Female,catherine,https://www.ssa.gov/oact/babynames/decades/century.html
152,US ,Given Name,Female,julie,https://www.ssa.gov/oact/babynames/decades/century.html
153,US ,Given Name,Female,victoria,https://www.ssa.gov/oact/babynames/decades/century.html
154,US ,Given Name,Female,helen,https://www.ssa.gov/oact/babynames/decades/century.html
155,US ,Given Name,Female,joyce,https://www.ssa.gov/oact/babynames/decades/century.html
156,US ,Given Name,Female,lauren,https://www.ssa.gov/oact/babynames/decades/century.html
157,US ,Given Name,Female,kelly,https://www.ssa.gov/oact/babynames/decades/century.html
158,US ,Given Name,Female,christina,https://www.ssa.gov/oact/babynames/decades/century.html
159,US ,Given Name,Female,joan,https://www.ssa.gov/oact/babynames/decades/century.html
160,US ,Given Name,Female,judith,https://www.ssa.gov/oact/babynames/decades/century.html
161,US ,Given Name,Female,ruth,https://www.ssa.gov/oact/babynames/decades/century.html
162,US ,Given Name,Female,hannah,https://www.ssa.gov/oact/babynames/decades/century.html
163,US ,Given Name,Female,evelyn,https://www.ssa.gov/oact/babynames/decades/century.html
164,US ,Given Name,Female,andrea,https://www.ssa.gov/oact/babynames/decades/century.html
165,US ,Given Name,Female,virginia,https://www.ssa.gov/oact/babynames/decades/century.html
166,US ,Given Name,Female,megan,https://www.ssa.gov/oact/babynames/decades/century.html
167,US ,Given Name,Female,cheryl,https://www.ssa.gov/oact/babynames/decades/century.html
168,US ,Given Name,Female,jacqueline,https://www.ssa.gov/oact/babynames/decades/century.html
169,US ,Given Name,Female,madison,https://www.ssa.gov/oact/babynames/decades/century.html
170,US ,Given Name,Female,sophia,https://www.ssa.gov/oact/babynames/decades/century.html
171,US ,Given Name,Female,abigail,https://www.ssa.gov/oact/babynames/decades/century.html
172,US ,Given Name,Female,teresa,https://www.ssa.gov/oact/babynames/decades/century.html
173,US ,Given Name,Female,isabella,https://www.ssa.gov/oact/babynames/decades/century.html
174,US ,Given Name,Female,sara,https://www.ssa.gov/oact/babynames/decades/century.html
175,US ,Given Name,Female,janice,https://www.ssa.gov/oact/babynames/decades/century.html
176,US ,Given Name,Female,martha,https://www.ssa.gov/oact/babynames/decades/century.html
177,US ,Given Name,Female,gloria,https://www.ssa.gov/oact/babynames/decades/century.html
178,US ,Given Name,Female,kathryn,https://www.ssa.gov/oact/babynames/decades/century.html
179,US ,Given Name,Female,ann,https://www.ssa.gov/oact/babynames/decades/century.html
180,US ,Given Name,Female,charlotte,https://www.ssa.gov/oact/babynames/decades/century.html
181,US ,Given Name,Female,judy,https://www.ssa.gov/oact/babynames/decades/century.html
182,US ,Given Name,Female,amber,https://www.ssa.gov/oact/babynames/decades/century.html
183,US ,Given Name,Female,julia,https://www.ssa.gov/oact/babynames/decades/century.html
184,US ,Given Name,Female,grace,https://www.ssa.gov/oact/babynames/decades/century.html
185,US ,Given Name,Female,denise,https://www.ssa.gov/oact/babynames/decades/century.html
186,US ,Given Name,Female,danielle,https://www.ssa.gov/oact/babynames/decades/century.html
187,US ,Given Name,Female,natalie,https://www.ssa.gov/oact/babynames/decades/century.html
188,US ,Given Name,Female,alice,https://www.ssa.gov/oact/babynames/decades/century.html
189,US ,Given Name,Female,marilyn,https://www.ssa.gov/oact/babynames/decades/century.html
190,US ,Given Name,Female,diana,https://www.ssa.gov/oact/babynames/decades/century.html
191,US ,Given Name,Female,beverly,https://www.ssa.gov/oact/babynames/decades/century.html
192,US ,Given Name,Female,jean,https://www.ssa.gov/oact/babynames/decades/century.html
193,US ,Given Name,Female,brittany,https://www.ssa.gov/oact/babynames/decades/century.html
194,US ,Given Name,Female,theresa,https://www.ssa.gov/oact/babynames/decades/century.html
195,US ,Given Name,Female,frances,https://www.ssa.gov/oact/babynames/decades/century.html
196,US ,Given Name,Female,kayla,https://www.ssa.gov/oact/babynames/decades/century.html
197,US ,Given Name,Female,alexis,https://www.ssa.gov/oact/babynames/decades/century.html
198,US ,Given Name,Female,tiffany,https://www.ssa.gov/oact/babynames/decades/century.html
199,US ,Given Name,Female,lori,https://www.ssa.gov/oact/babynames/decades/century.html
200,US ,Given Name,Female,kathy,https://www.ssa.gov/oact/babynames/decades/century.html